{
  "precision": 0.5711842667806755,
  "recall": 0.8520408163265306,
  "fbeta": 0.6839006910673151
}